id;first_name;last_name;email;phone_number;hire_date;jhi_rank
1;Percival;Heidenreich;Lukas.Mayer86@yahoo.com;Re-contextualized;2019-07-11T01:45:18;28077
2;Kiana;Bailey;Lula99@hotmail.com;Villages uniform PCI;2019-07-10T19:47:26;1545
3;Veda;Ward;Hilario_Lueilwitz96@gmail.com;SDD disintermediate reinvent;2019-07-10T17:18:31;26847
4;Emile;Kuhic;Gail_Luettgen@gmail.com;UIC-Franc Arkansas Intelligent;2019-07-10T22:58:32;67114
5;Yessenia;Hermiston;Deonte87@gmail.com;program;2019-07-10T21:00:27;13662
6;Maymie;Quitzon;Kattie80@yahoo.com;open-source HDD;2019-07-10T15:49:05;8159
7;Johnny;Abshire;Lizzie64@yahoo.com;Yen;2019-07-10T18:38:12;5076
8;Sierra;Torphy;Alena.Hirthe@yahoo.com;North Dakota Garden;2019-07-11T02:33:41;15504
9;Karen;Wunsch;Rogelio.McLaughlin25@gmail.com;Licensed Plastic Pants;2019-07-11T00:50:45;12706
10;Ericka;Lebsack;Okey96@hotmail.com;Club backing up;2019-07-11T09:04:14;53135
